Date,Instagram_Minutes,YouTube_Minutes,WhatsApp_Minutes,LinkedIn_Minutes,Reels_Watched,Videos_Watched,Messages_Sent,Posts_Liked,Study_Minutes,Total_Screen_Time,Screen_Hours,Digital_Balance,Day_Type
2026-08-23,179,179,170,30,220,64,542,61,12,558,9.3,0.021505376344086023,Heavy
2026-08-24,57,20,153,52,35,8,305,15,78,282,4.7,0.2765957446808511,Normal
2026-08-25,164,148,72,28,216,64,172,151,91,412,6.866666666666666,0.220873786407767,Heavy
2026-08-26,160,189,64,3,160,84,131,60,111,416,6.933333333333334,0.2668269230769231,Heavy
2026-08-27,132,118,67,61,156,47,106,50,184,378,6.3,0.48677248677248675,Heavy
2026-08-28,69,183,42,74,83,31,100,38,108,368,6.133333333333334,0.29347826086956524,Heavy
2026-08-29,116,183,139,9,149,68,255,52,113,447,7.45,0.25279642058165547,Heavy
2026-08-30,148,221,70,28,124,52,236,65,115,467,7.783333333333333,0.2462526766595289,Heavy
2026-08-31,48,113,150,75,55,24,299,22,229,386,6.433333333333334,0.5932642487046632,Heavy
2026-09-01,152,116,171,30,201,44,392,47,288,469,7.816666666666666,0.6140724946695096,Heavy
2026-09-02,35,161,72,61,29,59,165,19,181,329,5.483333333333333,0.5501519756838906,Heavy
2026-09-03,173,127,173,38,186,19,542,104,186,511,8.516666666666667,0.3639921722113503,Heavy
2026-09-04,21,97,97,22,17,20,154,5,185,237,3.95,0.7805907172995781,Normal
2026-09-05,197,96,64,3,175,19,200,121,58,360,6.0,0.16111111111111112,Heavy
2026-09-06,68,96,67,2,74,30,109,34,138,233,3.8833333333333333,0.592274678111588,Normal
2026-09-07,97,93,12,36,77,15,28,50,217,238,3.966666666666667,0.9117647058823529,Normal
2026-09-08,67,196,132,23,75,69,333,45,164,418,6.966666666666667,0.3923444976076555,Heavy
2026-09-09,131,157,172,34,118,48,447,50,245,494,8.233333333333333,0.4959514170040486,Heavy
2026-09-10,134,63,56,41,133,27,184,57,265,294,4.9,0.9013605442176871,Normal
2026-09-11,98,116,135,48,83,45,214,27,355,397,6.616666666666666,0.8942065491183879,Heavy
2026-09-12,104,114,78,13,96,26,269,30,4,309,5.15,0.012944983818770227,Heavy
2026-09-13,78,127,102,10,73,29,318,50,164,317,5.283333333333333,0.5173501577287066,Heavy
2026-09-14,160,167,47,71,222,66,88,84,116,445,7.416666666666667,0.2606741573033708,Heavy
2026-09-15,101,208,54,47,112,85,97,75,129,410,6.833333333333333,0.3146341463414634,Heavy
2026-09-16,123,129,85,22,158,43,281,89,344,359,5.983333333333333,0.958217270194986,Heavy
2026-09-17,51,172,93,4,48,32,231,18,235,320,5.333333333333333,0.734375,Heavy
2026-09-18,32,175,20,31,24,70,60,11,352,258,4.3,1.3643410852713178,Normal
2026-09-19,89,159,137,5,80,67,250,25,141,390,6.5,0.36153846153846153,Heavy
2026-09-20,185,145,174,15,240,53,571,104,108,519,8.65,0.20809248554913296,Heavy
2026-09-21,131,31,85,40,96,13,240,60,238,287,4.783333333333333,0.8292682926829268,Normal
